Dataset,QuickSort,HeapSort,MergeSort,STLSort
data/data_01.txt,0.006659,0.054541,0.044450,0.007242
data/data_02.txt,0.006606,0.052377,0.041930,0.005435
data/data_03.txt,0.070884,0.084834,0.111787,0.058634
data/data_04.txt,0.086991,0.089287,0.111870,0.057936
data/data_05.txt,0.071780,0.094491,0.112920,0.059800
data/data_06.txt,0.080074,0.092394,0.116704,0.068556
data/data_07.txt,0.073087,0.088713,0.114542,0.056526
data/data_08.txt,0.072440,0.089892,0.113443,0.057095
data/data_09.txt,0.073245,0.087271,0.113472,0.057218
data/data_10.txt,0.074790,0.092085,0.112452,0.057268
